{"cameraMode":{"drawMode":0,"name":"Shaded","section":"Shading Mode"},"sceneLighting":true,"audioPlay":false,"sceneViewState":{"showFog":true,"showMaterialUpdate":false,"showSkybox":true,"showFlares":true,"showImageEffects":true,"showParticleSystems":true,"showVisualEffectGraphs":true,"m_FxEnabled":true},"in2DMode":false,"pivot":{"x":40.382694244384769,"y":14.206283569335938,"z":-16.637691497802736},"rotation":{"x":0.007317001931369305,"y":0.992590069770813,"z":-0.07788760960102081,"w":0.09319417178630829},"size":24.69607925415039,"orthographic":false}