{"cameraMode":{"drawMode":0,"name":"Shaded","section":"Shading Mode"},"sceneLighting":true,"audioPlay":false,"sceneViewState":{"showFog":true,"showMaterialUpdate":false,"showSkybox":true,"showFlares":true,"showImageEffects":true,"showParticleSystems":true,"showVisualEffectGraphs":true,"m_FxEnabled":true},"in2DMode":false,"pivot":{"x":-5.2885332107543949,"y":-1.0460807085037232,"z":10.283711433410645},"rotation":{"x":0.0030005942098796369,"y":-0.000007921447831904516,"z":-4.3057283960479256e-7,"w":-1.0000098943710328},"size":8.82205867767334,"orthographic":true}